Company,Industry Sector,Country/Region,eBPF NFs Deployed,Specific Tools / Projects,How They Use eBPF NFs,UC1 Security: Conformance Check,UC1 Detail — What Yaksha Prashna Verifies,UC2 Debugging: NF Behavior,UC2 Detail — What Retrieval Queries Answer,UC3 Performance,UC3 Detail — What NF Analysis Optimizes,Fit Score (1-5),Priority Tier,Evidence / Source
Cloudflare,CDN / DDoS / Network Security,USA (Global),XDP DDoS mitigator; XDP load balancer; Magic Transit; rate-limiter NFs; custom traffic classifiers,XDP programs; xdpcap (open-sourced); custom eBPF,Drops malicious packets at NIC driver before Linux stack; processes terabits/sec; built xdpcap because tcpdump fails with XDP,YES — Critical,Verify XDP NF drops ALL packets matching current block-list — any false-negative = DDoS protection bypass at terabit scale,YES — Critical,"Why does this NF pass/drop specific packet? (Currently requires xdpcap runtime capture — Yaksha Prashna replaces this with static behavioral query, no runtime needed)",YES — Critical,Identify which traffic classes trigger expensive NF code paths at line-rate; optimize verifier-constrained complexity,5,Tier 1 — Primary,"Cloudflare Engineering Blog; xdpcap GitHub; NetDev conference; multiple XDP/eBPF blog posts"
Meta (Facebook),Hyperscaler / Social Media,USA,Katran (XDP L4 load balancer); BpfJailer (security enforcement); bpfilter (packet filtering); Strobelight (profiler),Katran (XDP/XDP); BpfJailer; bpfilter (Linux kernel contribution); libbpf,Katran processes ALL meta.com ingress; BpfJailer enforces workload security; bpfilter translates firewall rules to eBPF,YES — Critical,Verify BpfJailer blocking rules in bytecode match security policy before fleet-wide deployment to billions of daily users,YES — Critical,Why did Katran route a packet to backend B instead of A? Under what conditions does BpfJailer allow vs. block?,YES — Critical,Understand which traffic patterns/flows trigger expensive Katran code paths (e.g. NAT fallback); fleet-level cost optimization,5,Tier 1 — Primary,"Katran GitHub (facebookincubator/katran); Meta Engineering blog; bpfilter Linux kernel; NetDev talks"
Isovalent / Cilium (Cisco),Cloud-Native Networking & Security,USA / Global,Cilium CNI (L3/L4/L7 policy; kube-proxy replacement; Maglev LB; WireGuard encryption); Tetragon (runtime enforcement); Hubble (observability),Cilium; Tetragon; Hubble,"Default CNI for GKE, AKS, EKS Anywhere; 100+ production orgs; Tetragon blocks syscalls/network from eBPF at runtime",YES — Critical,Verify Tetragon TracingPolicy NF bytecode correctly implements stated security enforcement rules (block/allow syscalls/network),YES — Critical,When Cilium drops unexpected traffic — what conditions in the policy NF triggered it? Hubble shows flows; Yaksha Prashna explains NF decisions,YES,Verify no performance regression in new Cilium NF versions; identify code path bottlenecks in policy enforcement chains,5,Tier 1 — Primary,"Cilium USERS.md (100+ orgs); Tetragon GitHub; Hubble GitHub; GKE Dataplane V2 blog; CNCF project"
Rakuten Mobile / Rakuten Symphony,Telecom / 5G,Japan,Sauron eBPF Platform: 5G protocol observability (NGAP/NAS); XDP DDoS mitigator; LSM security tracing; traffic mirroring; energy monitor; AI/ML anomaly pipeline,Sauron (custom); XDP hooks; LSM hooks; libbpf,World's first fully virtualised 4G/5G network; Sauron instruments kernel for 5G protocol events; integrates AI/ML for anomaly detection,YES — Critical,Verify Sauron eBPF NFs implementing 5G security functions conform to 3GPP standards (TS 23.501) — regulatory compliance requirement,YES — Critical,"Under what NGAP/NAS packet conditions does this 5G NF deviate? Compress root cause analysis for PDU session, handover failures",YES — Critical,5G requires sub-millisecond latency; even microsecond NF overhead analysis is mission-critical for subscriber experience,5,Tier 1 — Primary,"eBPF Summit (Sauron presentation); eBPF for Modern Telco whitepaper; ebpf.foundation case study"
Google,Cloud Provider / Hyperscaler,USA (Global),GKE Dataplane V2 (Cilium); Buzzer (eBPF fuzzer); Android eBPF traffic accounting NFs; internal GCP security auditing eBPF,Cilium (GKE); Buzzer (open-source); libbpf; internal tools,"Default Cilium CNI in GKE; Buzzer fuzzes eBPF programs for bugs; Android uses eBPF NFs for per-app traffic accounting, power profiling",YES — Critical,Verify Cilium NF bytecode enforces GKE network policy semantics — required for cloud customer compliance (SOC 2 / PCI-DSS),YES — Critical,"GCP support handles thousands of GKE network debugging tickets: ""Why can't pod A reach service B?"" Yaksha Prashna answers from NF bytecode",YES,GCP-scale demands consistent NF efficiency; Cilium NF verification prevents performance regressions across fleet upgrades,5,Tier 1 — Primary,"GKE Dataplane V2 blog; Buzzer GitHub; Cilium USERS.md (Google entry); Android eBPF documentation"
ByteDance (TikTok),Hyperscaler / Social Media,China / Global,Netkit eBPF container networking (~1M servers); Cilium CNI for self-hosted Kubernetes; custom traffic routing NFs,Netkit (Linux kernel contribution); Cilium; custom eBPF,"Netkit contributed to Linux kernel mainline; 10% throughput improvement documented; Cilium CNI for millions of containers",YES,Fleet-wide security policy conformance across 1M servers — automated conformance checking replacing manual review is essential at this scale,YES,Debugging NF behavior across 1M heterogeneous servers — retrieval queries without kernel expertise are essential at this scale,YES — Critical,"10% throughput improvement from Netkit; NF behavioral analysis enables further gains; identifies code paths for specific traffic types",5,Tier 1 — Primary,"Netkit Linux kernel commit; Netdev conference; Cilium USERS.md (ByteDance entry); eBPF.io user story; ByteDance eBPF presentations"
Microsoft,OS Vendor / Cloud Provider,USA (Global),"Azure CNI powered by Cilium (AKS); Retina (eBPF networking observability tool); eBPF for Windows; Hornet LSM (eBPF signature verification); Sysmon for Linux (eBPF security monitoring)","Cilium (AKS); Retina (GitHub: microsoft/retina); eBPF for Windows (GitHub); PREVAIL verifier; Hornet LSM (Linux kernel RFC); Sysmon for Linux","Cilium default CNI for AKS; Retina open-sourced for Kubernetes observability; Hornet enforces only signed eBPF can run; eBPF for Windows ports eBPF to Windows kernel",YES — Critical,"Hornet verifies WHO signed eBPF NF; Yaksha Prashna verifies WHAT IT DOES — together they provide complete assurance. Direct complement to Microsoft security posture.",YES — Critical,Retina shows network metrics; Yaksha Prashna explains WHY the NF is making specific decisions — behavioral depth Retina currently lacks,YES,AKS cloud-scale demands consistent Cilium NF efficiency for Azure SLAs,5,Tier 1 — Primary,"Azure CNI blog; Retina GitHub; eBPF for Windows GitHub; Hornet LSM RFC (phoronix); Sysmon for Linux GitHub"
Nokia (L3AF Project),Telecom Equipment / 5G,Finland / Global (Linux Foundation),"L3AF: Complete eBPF program lifecycle management for distributed environments — launch, manage, reconfigure, update, inspect, reorder XDP and TC eBPF programs on-the-fly","L3AF (Linux Foundation project; GitHub: l3af-project/l3afd); L3AF APIs","Manages eBPF NF lifecycle in distributed 5G and edge environments; provides metrics for running eBPF programs; supports program cooperation for XDP/TC chains",YES — Critical,"L3AF can integrate Yaksha Prashna as a verification GATE: before hot-deploying an eBPF NF update to production, verify new bytecode maintains required behavioral properties",YES — Critical,"L3AF monitors eBPF programs via metrics — Yaksha Prashna adds behavioral EXPLANATION when metrics show anomalies: ""What does the NF do differently to cause this metric spike?""",YES — Critical,L3AF manages 5G dataplane eBPF NFs where performance is mission-critical; NF behavioral verification ensures no perf regression on update,5,Tier 1 — Primary,"L3AF GitHub; Linux Foundation project page; eBPF.io applications listing; Telecom Infra Project"
Ant Group (Alibaba Financial Services),FinTech / Payments (China),China,"AntCWPP: Kata Containers + eBPF NFs injected into guest VM kernels. Monitors: process creation, syscalls, network access, file ops. Blocks: reverse shells, fileless malware, container escapes. AI agent security NFs.",AntCWPP (custom); Kata Containers; eBPF LSM hooks inside guest kernels; libbpf,Deploys eBPF security NFs as bytecode into Kata VM guest kernels. NFs enforce fine-grained policies for Alipay payment infrastructure and AI agent computing environments.,YES — Critical,"Verify security eBPF NF bytecode (delivered to Kata VMs) correctly blocks stated threats: ""Does this NF ALWAYS block reverse shell connections?"" Critical for Alipay's payment platform security assurance.",YES — Critical,When a security NF fails to prevent a specific threat — behavioral analysis identifies the packet/syscall condition that was not covered by the enforcement NF,YES,AI agent computing requires high-performance kernel isolation — guest kernel NF efficiency across containerized payment workloads matters,5,Tier 1 — Primary,"eBPF Foundation case study; katacontainers.io blog; eBPF.io user story; eBPF Summit presentation"
AWS (Amazon),Cloud Provider,USA (Global),EKS Anywhere: Cilium as default CNI; VPC CNI eBPF programs; custom networking NFs for VPC routing,Cilium (EKS Anywhere); AWS VPC CNI; custom eBPF for VPC,Cilium is default CNI for EKS Anywhere; VPC networking uses eBPF programs for routing and security group enforcement at cloud scale,YES,Verify Cilium NFs correctly enforce VPC security group semantics — AWS promises customers their security group rules are enforced,YES,AWS handles thousands of EKS network connectivity support tickets. Yaksha Prashna behavioral queries on deployed Cilium NF would systematize diagnosis currently requiring kernel expertise,YES,EKS-scale demands consistent NF efficiency for AWS SLA commitments,4,Tier 1 — Primary,"EKS Anywhere blog (Cilium announcement 2021); Cilium USERS.md (AWS entry); AWS VPC CNI GitHub"
Netflix,Streaming / CDN,USA (Global),"TCP flow exporter eBPF NF (tracepoints; <1% overhead; container-level attribution); scheduler observability NF (sched_wakeup/switch hooks for noisy-neighbor detection); bpftop (open-sourced: runtime NF performance monitor)",bpftop (GitHub: Netflix/bpftop); custom eBPF flow exporter; custom scheduler instrumentation NF,TCP flow exporter captures all flows for microservice network visibility; scheduler NF detects CPU contention; bpftop monitors NF overhead dynamically,YES,Flow capture NF must correctly attribute ALL connections to containers — conformance of monitoring NF (missed flows = blind spots in microservice observability),YES,Why does the noisy-neighbor NF trigger false positives for certain workload patterns? Retrieval queries explain behavioral conditions without requiring production traffic replays,YES — Critical,"Netflix documented <600ns overhead goal per hook call. bpftop shows total CPU but not WHICH code paths. Yaksha Prashna's behavioral analysis identifies paths for specific workload types, enabling targeted optimization",4,Tier 1 — Primary,"Netflix Tech Blog (multiple eBPF posts); bpftop GitHub; eBPF Summit 2024 presentation; InfoQ Netflix eBPF article"
Datadog,Observability / Monitoring SaaS,USA (Global),"NPM (Network Performance Monitoring): eBPF connection tracker replacing polling (35% CPU reduction); Cloud Security Management: eBPF syscall/network monitoring NF; Cilium on AWS self-hosted k8s","Custom eBPF agents; NPM eBPF tracker; Cilium (AWS); CSM eBPF NF","eBPF-based zero-instrumentation NPM tracks all TCP/UDP connections; CSM enforces security monitoring; Cilium for internal infrastructure; Datadog's entire observability product relies on eBPF NF correctness",YES,Security NF must capture all relevant events — conformance ensures no detection gap in CSM product (missed event = missed threat for Datadog's customers),YES,"NPM NF must correctly attribute connections to services. When attribution is wrong: ""Under what conditions does this tracking NF misattribute connections?"" — retrieval queries answer this systematically",YES — Critical,"35% CPU reduction documented. Yaksha Prashna identifies further NPM NF optimization opportunities — important commercial differentiation for Datadog's SaaS pricing model",4,Tier 1 — Primary,"Datadog NPM blog; eBPF.io user story; Cilium USERS.md (Datadog entry); Datadog eBPF engineering posts"
Aqua Security,Cloud-Native Security / CNAPP,Israel / USA,Tracee: eBPF-based runtime security and forensics. Filters OS events (network connections; process creation; file access; syscalls) using eBPF programs. Open-source CNCF project.,"Tracee (GitHub: aquasecurity/tracee); libbpf ; custom eBPF detection NFs","Tracee's eBPF NFs capture syscalls and network events matching detection rules; used for runtime forensics, incident investigation, threat detection in Kubernetes environments",YES — Critical,"Tracee's detection rules are encoded in eBPF NFs. Yaksha Prashna verifies: ""Does the bytecode capture EVERY event the detection rule specifies?"" A gap = missed detection = security product failure.",YES — Critical,When Tracee emits false positives or misses detections — behavioral analysis of the eBPF NF identifies the exact condition causing the gap versus what the rule intends,PARTIAL,Tracee agent overhead matters for adoption — NF performance analysis helps optimize detection NFs,4,Tier 2 — Strong,"Tracee GitHub (aquasecurity/tracee); Aqua Security blog on eBPF; eBPF.io applications listing"
Sysdig / Falco (CNCF),Cloud-Native Security,USA / Italy,Falco eBPF driver: captures kernel syscalls and network events for real-time threat detection. Graduated CNCF project. Falco Feeds (Nov 2024): curated expert detection rules backed by Sysdig Threat Research Team.,"Falco (GitHub: falcosecurity/falco); Sysdig eBPF agent; Falco Feeds service","Falco eBPF driver captures events matching Falco rules (e.g. ""unexpected outbound connection""); 1000s of production users; Sysdig platform embeds Falco for enterprise; open-source + commercial",YES — Critical,Verify Falco eBPF driver bytecode captures ALL events specified in Falco rules — a driver gap means a threat goes undetected even though a rule exists for it,YES — Critical,"When Falco emits a false positive or misses a threat — ""Under what syscall/network conditions does the eBPF driver trigger/not trigger?"" — retrieval queries answer this vs. current manual bytecode analysis",YES,Falco agent overhead is a key commercial concern — high overhead = slow enterprise adoption. NF performance analysis of the eBPF driver enables competitive optimization,4,Tier 2 — Strong,"Falco GitHub; CNCF TOC graduation; Sysdig blog; Falco Feeds announcement Nov 2024"
AccuKnox / KubeArmor,Cloud-Native Security (CNCF),USA / India,"KubeArmor: container-aware runtime security enforcement using eBPF + LSM. Restricts: process execution, file access, network operations, resource utilization at system level","KubeArmor (GitHub: kubearmor/KubeArmor); LSM hooks; eBPF NFs","KubeArmor enforces security policies blocking prohibited container behaviors (unauthorized network connections, binary execution) using eBPF at the kernel level; cloud-native zero-trust runtime enforcement",YES — Critical,Verify KubeArmor's enforcement eBPF NF correctly implements stated policy — e.g. ""Does this NF block ALL outbound connections from container C except whitelisted endpoints?"",YES — Critical,"When KubeArmor blocks a legitimate action (false positive) or misses a prohibited action (false negative) — behavioral analysis of the enforcement NF identifies the conditional gap",PARTIAL,KubeArmor overhead determines adoption — security vendors with lower agent overhead win; NF optimization matters,4,Tier 2 — Strong,"KubeArmor GitHub; AccuKnox Cilium USERS.md entry; CNCF Sandbox project; KubeCon presentations"
Bloomberg LP,Financial Data / Media,USA,Cilium for BQuant Enterprise (quantitative investment platform). Host-based network policies as 'data sandboxes' — strict egress control preventing data exfiltration. Hubble for network debugging.,Cilium; Hubble; CiliumNetworkPolicy,"Data sandbox architecture: Cilium NFs restrict cluster network access to specific ports/hostnames, preventing unauthorized data egress from customer quantitative investment workloads",YES — Critical,"Data sandbox = explicit conformance use case. Verify Cilium NF bytecode correctly prevents egress from customer workload — a bypass = financial data exfiltration = FINRA/SEC regulatory violation + reputational damage",YES,"When data sandbox policy unexpectedly blocks or allows traffic — behavioral analysis of the Cilium policy NF explains: ""Under what conditions does this NF allow egress to endpoint X?""",PARTIAL,Secondary to security and correctness; but policy chain performance matters at Bloomberg's cluster scale,4,Tier 2 — Strong,"Bloomberg CNCF case study; Cilium.io case study on Bloomberg BQuant; USERS.md entry; KubeCon talk"
Capital One,US Banking / Financial Services,USA,"Cilium standard CNI for ALL Kubernetes environments bank-wide. CiliumClusterWideNetworkPolicy, CiliumNetworkPolicy, Hubble, network visibility.","Cilium; Hubble; CiliumNetworkPolicy; kube-proxy replacement","Bank standardized on Cilium across all k8s environments; Cilium NFs enforce all network segmentation and security policies; Hubble used for visibility and compliance reporting",YES — Critical,"PCI-DSS, SOX, FFIEC compliance mandates verifiable network segmentation. Yaksha Prashna provides automated conformance proof that Cilium NF bytecode enforces regulatory requirements — replaces expensive manual pen-testing",YES — Critical,"Banking network incident = simultaneous operational + security incident. Behavioral analysis of Cilium NF: ""Under what conditions can pod X reach card data environment?"" answers auditor questions and speeds incident response",PARTIAL,Consistent NF execution across all bank k8s environments — performance guarantees matter for banking applications SLA,4,Tier 2 — Strong,"Capital One KubeCon talk; Cilium USERS.md (Capital One entry); eBPF.io user story; YouTube presentation"
Palantir Technologies,Defence / Intelligence / Enterprise Analytics,USA (Global),Cilium as main CNI across ALL cloud providers (AWS / Azure / GCP). ENI networking; FQDN-based policy; FQDN filtering; IPSec transparent encryption.,"Cilium; FQDN policy NF; IPSec NF; CiliumNetworkPolicy","Multi-cloud Kubernetes networking for classified and sensitive government workloads; FQDN filtering restricts DNS-based egress; IPSec encrypts all inter-pod traffic",YES — Critical,"Palantir handles classified US government data. Verify eBPF NFs enforce data classification policies — e.g., ""Does this FQDN filtering NF ALWAYS prevent connections to un-approved domains?"" — mission-critical assurance required",YES — Critical,"FQDN-based NFs depend on DNS resolution — ""Under what DNS response conditions does this policy NF allow vs. block egress?"" is a complex behavioral question that requires NF analysis, not just flow capture",PARTIAL,Multi-cloud deployment — consistent NF behavior across AWS/Azure/GCP is a correctness requirement before it is a performance one,4,Tier 2 — Strong,"Cilium USERS.md (Palantir entry); IPSec and FQDN policy entries; publicly known US govt customer"
Alibaba Cloud,Cloud Provider (China),China,Terway CNI (Alibaba's own CNI using Cilium as high-performance ENI dataplane); KubeSkoop (eBPF Kubernetes network diagnosis tool); Cilium for ACK (Alibaba Container Service).,"Terway (GitHub: AliyunContainerService/terway); KubeSkoop (GitHub: alibaba/kubeskoop); Cilium","Terway is Alibaba's production CNI: uses Cilium eBPF for ENI dataplane; KubeSkoop open-sourced as Alibaba's answer to eBPF network diagnosis in Kubernetes",YES,Multi-tenant cloud isolation — Terway/Cilium NF conformance critical for isolating customer workloads in ACK,YES,"KubeSkoop shows flow-level metrics — Yaksha Prashna adds PROGRAM-LEVEL behavioral analysis: ""Why does the NF on this specific node drop pod-to-pod traffic for this traffic class?""",YES — Critical,"ENI dataplane performance = ACK product quality; Cilium NF optimization on Alibaba's custom Terway architecture enables further performance gains above Cilium defaults",4,Tier 2 — Strong,"KubeSkoop GitHub (alibaba/kubeskoop); Terway GitHub; Alibaba Cloud blog on Terway; Cilium USERS.md entry"
SAP,Enterprise Software / ERP / Cloud,Germany (Global),Cilium for SAP Concur (self-hosted k8s on AWS) and Gardener managed Kubernetes clusters (AWS / Azure / GCP / OpenStack).,"Cilium; Gardener (open-source multi-cloud Kubernetes); CiliumNetworkPolicy","SAP Concur: business travel management platform with millions of users; Gardener manages Kubernetes across 4 cloud providers for SAP enterprise customers; Cilium enforces network policies throughout",YES,Enterprise customer SLAs require verifiable network isolation. Verify Cilium NF in Gardener correctly isolates tenant workloads across 4 cloud providers,YES,"Cross-cloud policy debugging: ""Does the Cilium NF behave identically for the same NetworkPolicy on AWS vs. Azure?"" Behavioral analysis catches cloud-specific NF behavioral divergence",PARTIAL,Gardener multi-cloud scale — consistent NF execution across cloud providers matters for SAP's SLA uniformity promise,3,Tier 2 — Strong,"Cilium USERS.md (SAP entry); Gardener GitHub; KubeCon SAP/Gardener presentations"
Adobe,Creative Software / SaaS,USA (Global),Cilium via Project Ethos (multi-tenant multi-cloud Kubernetes). L3/L4/L7 policy NFs across AWS and Azure. Flex self-service policy template system generates Cilium NFs from developer-supplied templates.,"Cilium; Project Ethos (internal); Flex policy system","Project Ethos is Adobe's internal multi-tenant cloud platform; developers submit L7 policy templates through Flex which are translated into Cilium eBPF NFs; Adobe engineers manage the translation layer",YES,Multi-tenant SaaS — Cilium NF must correctly enforce isolation between customer projects. Verify translated NF matches the policy template intent.,YES,"Flex translates templates to eBPF NFs — behavioral analysis diagnoses translation gaps: ""Does the generated Cilium NF actually enforce what the developer's Flex template intended?""",PARTIAL,Multi-cloud NF performance consistency,3,Tier 2 — Strong,"Adobe KubeCon talk; Isovalent Adobe case study; Adobe.com/tech blog; Cilium USERS.md entry"
New York Times,Media / Publishing,USA,Cilium on EKS. Multi-region multi-tenant shared clusters. Maglev load balancing NF; kube-proxy replacement; Hubble for debugging; CiliumNetworkPolicy.,"Cilium; Hubble; Maglev LB NF; kube-proxy replacement NF; CiliumNetworkPolicy","Multi-region multi-tenant k8s: different NYT editorial teams share clusters; Maglev LB NF balances traffic; Cilium policy NFs isolate editorial teams; Hubble used for policy troubleshooting",YES,Multi-tenant editorial isolation — verify Cilium NF correctly isolates teams and prevents cross-team resource access,YES,"Hubble used for policy troubleshooting — Yaksha Prashna adds NF behavioral explanation: ""Under what conditions does the policy NF block subscription service traffic to this backend?""",PARTIAL,Media serving at scale — Maglev LB NF performance matters,3,Tier 2 — Strong,"CNCF NYT KubeCon presentation; Cilium USERS.md (New York Times entry)"
IKEA IT AB (Ingka Group),Retail Technology,Sweden (Global),"Cilium with broad features: Multi-NIC XDP; BGP advertisements; Egress Gateway; Cluster Mesh; Hubble + OpenTelemetry; Bandwidth Manager; kube-proxy replacement; CiliumNetworkPolicy","Cilium (full feature set); Hubble; OpenTelemetry; Multi-NIC XDP NF; BGP NF; Bandwidth Manager NF","IKEA's technology arm runs global retail infrastructure on Cilium with one of the broadest eBPF NF deployments (Multi-NIC XDP + BGP + Bandwidth + ClusterMesh simultaneously)",YES,PCI-DSS compliance for retail + payment cards — Cilium NF must correctly enforce cardholder data environment isolation across global infrastructure,YES,"Multi-NIC XDP NFs are complex — ""Under what traffic conditions does this XDP NF redirect across NICs vs. drop?"" is a behavioral question only answerable via program analysis",YES,BGP NF + Bandwidth Manager NF + XDP NF all contribute to network performance — behavioral analysis identifies bottlenecks in each.,3,Tier 2 — Strong,"Cilium USERS.md (IKEA IT AB entry); eBPF.io user story"
Shopify,E-Commerce Platform,Canada (Global),"Cilium-based Kubernetes networking; peak load traffic management (Black Friday: ~100k orders/min); PCI-DSS network segmentation NFs","Cilium; eBPF-based observability","Peak load Kubernetes architecture running eBPF NFs for network policy enforcement; PCI-DSS compliance for payment card data; Cilium enforces cardholder data environment isolation",YES,"PCI-DSS mandates verifiable network segmentation. Yaksha Prashna provides automated conformance proof that Cilium NF correctly isolates payment card data from other workloads — replaces expensive annual pen-testing",PARTIAL,Hubble-based debugging for network connectivity issues,YES — Critical,Black Friday traffic peaks — NF efficiency directly impacts order processing throughput; milliseconds matter at 100k orders/min,3,Tier 2 — Strong,"Shopify Engineering blog; Cilium USERS.md; PCI-DSS compliance requirement for payment processors"
DoorDash,Food Delivery / Logistics,USA,BPFAgent: custom eBPF-based Kubernetes cluster monitoring agent. Results: 40% less memory; 98% fewer OOMKills; 80% faster deployments per cluster.,"BPFAgent (custom eBPF); DoorDash engineering (in-house development)","Replaced traditional monitoring sidecar with custom eBPF agent; eBPF NF runs in-kernel to collect container/host metrics without heavy overhead; fundamental production infrastructure",PARTIAL,BPFAgent monitoring NF correctness — verify it captures ALL signals it's supposed to,YES — Critical,"BPFAgent behavior varies across clusters — Yaksha Prashna retrieval queries answer: ""Under what conditions does this monitoring NF behave differently?"" — critical for diagnosing cluster-specific OOM issues",YES — Critical,"All three documented improvements (40% memory; 98% OOMKill reduction; 80% deployment speed) are from understanding and optimizing the eBPF monitoring NF behavior",3,Tier 2 — Strong,"DoorDash Engineering blog on BPFAgent; eBPF.io user story"
Samsung Ads,Digital Advertising Technology,South Korea / USA,Cilium migrated from Calico for production ad-serving Kubernetes clusters. 33% reduction in P99 API gateway latency documented.,"Cilium; Hubble; kube-proxy replacement NF; CiliumNetworkPolicy","High-volume real-time ad-serving traffic (sub-100ms deadline for every ad impression); migrated to Cilium for performance; 33% P99 latency improvement from eBPF-based NF",PARTIAL,Ad-serving network policy conformance — ensuring Cilium NF doesn't accidentally delay or block ad request paths,YES,"Why does the NF occasionally add latency to API gateway requests? Behavioral analysis under specific traffic patterns vs. background load",YES — Critical,"33% P99 latency reduction was the goal. Yaksha Prashna identifies which NF code paths are exercised by API gateway traffic and where additional optimization opportunities lie",3,Tier 2 — Strong,"Samsung CNCF talk; eBPF.io user story; Samsung Ads engineering"
Trendyol,E-Commerce (Turkey's Largest),Turkey,Cilium as default CNI (Kubernetes v1.26+). +40% internal network throughput improvement documented post-migration.,"Cilium; Hubble; kube-proxy replacement","Turkey's largest e-commerce platform migrated container networking to Cilium eBPF; Hubble for visibility; 40% throughput gain demonstrates NF-level performance impact",PARTIAL,Network policy conformance for e-commerce workload isolation,YES,"Hubble-based debugging + NF behavioral analysis for routing anomalies at high traffic volumes (e-commerce peaks)",YES — Critical,"40% throughput gain from eBPF NF. Yaksha Prashna behavioral analysis can identify further optimization — which traffic classes take expensive code paths in the current Cilium NF configuration?",3,Tier 2 — Strong,CNCF case study on Trendyol Cilium migration
DB Schenker (Schenker AG),Global Logistics (Daimler Group),Germany (Global),Cilium migrated from Calico on self-managed Kubernetes (AWS). WireGuard transparent encryption NF; L7 observability via Hubble; simplified vs. service mesh.,"Cilium; Hubble; WireGuard encryption NF; CiliumNetworkPolicy","Supply chain logistics with global operations migrated to Cilium; replaced complex service mesh with WireGuard-based transparent encryption via Cilium eBPF NF; L7 Hubble observability",YES,Verify WireGuard encryption NF correctly encrypts all traffic matching policy — supply chain logistics data security requires verifiable encryption conformance,YES,"Migration from Calico introduced behavioral differences — ""Under what conditions does the new Cilium NF behave differently from Calico for the same policy?"" Yaksha Prashna diagnoses migration-induced behavioral regressions",PARTIAL,Simplified architecture reduces overhead vs. service mesh — verifying NF efficiency validates the architectural decision,3,Tier 2 — Strong,"CNCF DB Schenker case study; Cilium USERS.md (Schenker AG entry)"
Bell Canada,Canadian Telecom Operator,Canada,Cloud-native 5G core NFs implemented with eBPF. Cilium-based Kubernetes networking for 5G workload orchestration.,"Cilium; custom 5G NFs; cloud-native network functions","Canada's largest telecom building cloud-native 5G core using eBPF-based NFs for network slicing, QoS enforcement, security tracing; similar architecture to Rakuten Mobile",YES,"5G NFs must conform to 3GPP standards — regulatory compliance in telecommunications. Verify eBPF implementations of 5G core NFs match regulatory behavioral specifications",YES,5G network slice debugging requires NF behavioral analysis to trace why a specific subscriber's session failed or experienced degraded QoS,YES,5G ultra-low latency — eBPF NF microsecond overhead analysis is critical for network function performance,3,Tier 2 — Strong,"eBPF.foundation user story; Bell Canada 5G cloud-native initiatives"
S&P Global,Financial Data / Ratings,USA (Global),"Cilium for multi-cloud and private cloud networking. Market data network monitoring NFs (ultra-low latency requirements for financial data distribution)","Cilium; market data eBPF NFs","Critical financial market data infrastructure; eBPF NFs for network monitoring with sub-ms latency requirements; multi-cloud private cloud networking for global financial data distribution",YES,Financial data network isolation — conformance of Cilium policy NFs must be verifiable for regulatory compliance (SEC; CFTC),PARTIAL,Market data routing debugging — NF behavioral analysis for latency spikes in time-sensitive financial data flows,YES — Critical,Sub-millisecond market data timing requirements — eBPF NF performance analysis is mission-critical for financial data SLA commitments,3,Tier 2 — Strong,eBPF.io user story (S&P Global)
Form3,Payments Infrastructure (UK),UK,Cilium on bare-metal production clusters. Service load-balancing NF; encryption NF; NetworkPolicies.,"Cilium; bare-metal Kubernetes; CiliumNetworkPolicy; service load-balancing NF; encryption NF","UK payments infrastructure company running real-time payment processing (FPS — Faster Payments Scheme); Cilium on bare-metal for lowest latency; encryption NF for PCI compliance",YES,FCA (Financial Conduct Authority) regulatory compliance — verify Cilium NFs enforce network isolation guarantees required by UK financial regulators,YES,Payment routing anomalies are high-priority incidents — behavioral analysis of load-balancing NF answers why specific payment transactions were routed to wrong backend,PARTIAL,Real-time payment processing SLA — load-balancing NF efficiency matters for sub-second payment completion,3,Tier 2 — Strong,Cilium USERS.md (Form3 entry)
Equinix,Data Center / Bare Metal Cloud / Interconnection,USA (Global),Cilium on bare-metal production Kubernetes clusters (Equinix Metal + Equinix NL Managed Services). BGP advertisement NFs; CiliumNetworkPolicy; Hubble.,"Cilium; BGP advertisement NF; Hubble; CiliumNetworkPolicy; CiliumClusterWideNetworkPolicy","Equinix Metal: bare-metal cloud using Cilium for production k8s; BGP-based routing NFs for network reachability; multi-tenant data center requires strict isolation",YES,Multi-tenant bare-metal data center — Cilium NF conformance for tenant isolation at the network layer,YES,"BGP advertisement NF behavioral analysis: ""Under what conditions does this NF announce/withdraw specific routes?"" Critical for diagnosing Equinix routing anomalies affecting customers",PARTIAL,Bare-metal networking performance — BGP NF efficiency matters for network convergence time,3,Tier 2 — Strong,"Cilium USERS.md (two Equinix entries: Metal and NL Managed Services)"
Proton AG,Privacy / Encrypted Communications,Switzerland,"Cilium with host firewall NF; network policies; kube-proxy replacement; Hubble. Privacy-first encrypted communications infrastructure (Proton Mail, Proton VPN, Proton Drive).","Cilium; Hubble; host firewall NF; CiliumNetworkPolicy","Privacy-first encrypted infrastructure: Cilium host firewall NF enforces strict network isolation; ""no traffic leaves except via encrypted channels"" is a core architectural requirement; GDPR compliance",YES,"Privacy-first security: verify Cilium firewall NF correctly enforces ""all egress traffic uses encrypted paths"" — a one-line policy that Yaksha Prashna can formally verify from the bytecode",YES,Debugging unexpected firewall NF blocks that interrupt Proton's encrypted services,PARTIAL,Privacy infrastructure correctness is primary; performance secondary,3,Tier 2 — Strong,Cilium USERS.md (Proton AG entry)
PostFinance AG,Swiss Postal Bank / Financial Services,Switzerland,Cilium for mission-critical on-premise Kubernetes clusters. Network policies; kube-proxy replacement.,"Cilium; CiliumNetworkPolicy; kube-proxy replacement NF","Swiss postal bank running banking applications on on-premise Kubernetes; Cilium NFs enforce network policies for banking workload isolation; FINMA (Swiss financial regulator) compliance",YES,"FINMA regulatory requirements — verify Cilium NFs enforce banking network segmentation requirements: ""Does this NF prevent core banking system from receiving external connections?""",PARTIAL,Banking network debugging for connectivity issues in mission-critical systems,PARTIAL,Mission-critical banking systems — consistent NF execution over time matters,3,Tier 2 — Strong,Cilium USERS.md (PostFinance AG entry)
Plaid,FinTech / Open Banking,USA,"Cilium CNI and network policies on self-hosted Kubernetes (AWS). Open banking data aggregation platform serving thousands of financial apps.","Cilium; CiliumNetworkPolicy","Open banking infrastructure aggregating financial data for consumer apps; Cilium enforces network isolation between bank connections and customer data; PCI-DSS + SOC2 compliance required",YES,"PCI-DSS and SOC2 compliance — verify Cilium NFs correctly isolate financial data aggregation workloads: ""Does this NF prevent cross-customer data access?""",PARTIAL,Debugging unexpected network connectivity issues in financial data pipeline,PARTIAL,Open banking API performance for consumer financial apps,3,Tier 3 — Moderate,Cilium USERS.md (Plaid entry)
Polar Signals,Continuous Profiling SaaS,USA,"Parca: eBPF profiling platform (open-source); kubezonnet: eBPF netfilter NF for cross-zone Kubernetes traffic monitoring (achieved 50% cross-zone cost reduction","Parca (GitHub: parca-dev/parca); kubezonnet (custom eBPF netfilter); Cilium (GKE Dataplane V2)","Built kubezonnet specifically to understand cross-zone traffic behavior and reduce cloud costs; Parca uses eBPF NFs to collect system-wide stack traces with <1% overhead",PARTIAL,Parca and kubezonnet NFs should capture exactly what they're designed to capture — conformance of monitoring NFs,YES — Strong,"kubezonnet was BUILT to answer ""which traffic flows are cross-zone?"" — exactly a retrieval query on a netfilter NF. Yaksha Prashna provides this systematically for any eBPF netfilter NF.",YES — Strong,"50% cross-zone cost reduction came from understanding NF behavior. Yaksha Prashna provides structured behavioral analysis that enabled this insight, applicable to other networking cost optimizations",3,Tier 2 — Strong,"eBPF Foundation case study on kubezonnet; Parca GitHub; Cilium USERS.md (Polar Signals entry); BusinessWire announcement"
Grafana Labs (Beyla),Observability Platform,Sweden / USA,"Beyla: zero-code eBPF-based automatic instrumentation NF capturing HTTP/S and gRPC service events, producing OpenTelemetry traces and RED metrics.","Beyla (GitHub: grafana/beyla); eBPF NFs for HTTP/gRPC interception; libbpf","Beyla eBPF NF attaches to application binaries and kernel to capture service traffic without code changes; produces OTel traces shipped to Grafana/Prometheus backends; widely deployed",YES,"Beyla NF must capture exactly the HTTP/gRPC events specified by OpenTelemetry spec — verify bytecode matches OTel semantic conventions: ""Does this NF capture ALL HTTP request/response pairs?""",YES — Strong,"When traces are missing: ""Under what conditions does the Beyla eBPF NF fail to capture HTTP events?"" — behavioral analysis of the NF identifies the exact condition (e.g. specific HTTP method; content-encoding; TLS version)",YES — Critical,"Zero-overhead instrumentation is Beyla's core product promise — any NF overhead > threshold = product failure. Behavioral analysis identifies CPU-intensive NF code paths for specific traffic patterns",3,Tier 2 — Strong,"Beyla GitHub (grafana/beyla); eBPF.io applications listing; Grafana Labs blog on Beyla"
Nokia (L3AF),Telecom Equipment / 5G,Finland (Global),[See Nokia entry above — same row],[Same as Nokia L3AF above],[Same],[Same],[Same],[Same],[Same],[Same],[Same],5,Tier 1 — Primary,[See Nokia above]
Red Hat / IBM (OpenShift),Enterprise Kubernetes Platform,USA (Global),"Ingress Node Firewall: OpenShift-contributed eBPF XDP stateless ingress node firewall operator; Cilium integration in OpenShift; OVN-Kubernetes with eBPF","Ingress Node Firewall (GitHub: openshift/ingress-node-firewall); Cilium; OVN-Kubernetes","Ingress Node Firewall: eBPF XDP program enforces stateless firewall rules at the node level via Kubernetes operator; widely deployed in OpenShift enterprise clusters for perimeter security",YES — Strong,"Verify Ingress Node Firewall XDP NF correctly implements the firewall rules specified in the Kubernetes operator CRDs: ""Does this XDP NF drop ALL traffic matching rule set R?""",YES,"Enterprise OpenShift customers debug unexpected network blocks — behavioral analysis of the XDP firewall NF explains which rules triggered the block",PARTIAL,Enterprise k8s network performance — XDP NF efficiency matters for node-level filtering throughput,3,Tier 2 — Strong,"ingress-node-firewall GitHub (openshift/); eBPF.io applications listing"
Canonical (Ubuntu),Linux OS / Cloud,UK,MicroK8s: Cilium as CNI plugin — eBPF networking; network policies for Kubernetes distributions.,"Cilium; kube-proxy replacement NF; CiliumNetworkPolicy","MicroK8s is Canonical's lightweight Kubernetes distribution used by millions of developers and on-prem deployments; Cilium provides eBPF-based networking",PARTIAL,MicroK8s user network policy conformance,PARTIAL,Debugging Cilium NF behavior in MicroK8s single-node and multi-node deployments,PARTIAL,Lightweight Kubernetes — NF efficiency matters for resource-constrained deployments,2,Tier 3 — Moderate,Cilium USERS.md (Canonical entry)
FPT Telecom,Vietnamese Telecom Operator,Vietnam,Cilium CNI for massive CPE (Customer Premises Equipment) management traffic. Full Cilium feature set: CiliumNetworkPolicy; kube-proxy replacement; BGP; L2 Announcement; Egress Gateway.,"Cilium (full feature set); BGP NF; Egress Gateway NF","ISP managing millions of CPE devices (modems, routers) via Kubernetes-orchestrated backend; Cilium NFs enforce traffic isolation between CPE management and subscriber data",YES,CPE management traffic isolation from subscriber private data — Cilium NF conformance for ISP regulatory compliance,YES,ISP-scale routing anomaly debugging — BGP and Egress Gateway NF behavioral analysis for traffic engineering,YES,ISP-scale traffic demands NF efficiency — Cilium BGP and routing NF performance optimization,3,Tier 2 — Strong,Cilium USERS.md (FPT Telecom entry)
Exein (Pulsar Framework),IoT Security,Italy,"Pulsar: modular runtime security framework for IoT Linux devices written in Rust + eBPF. Monitors kernel events and evaluates against security policies. Lightweight for embedded systems.","Pulsar (GitHub: Exein-io/pulsar); eBPF LSM hooks; Rust + eBPF","IoT device security: Pulsar eBPF NF monitors all kernel events on embedded Linux; evaluates events against security policies; blocks unauthorized behaviors on constrained IoT hardware",YES — Critical,"IoT devices are hard to update in the field. Yaksha Prashna verifies Pulsar eBPF NF bytecode correctly implements stated security policy BEFORE deployment to thousands of field devices — catching policy encoding bugs pre-production",YES — Critical,"Post-deployment: field devices show anomalous behavior — behavioral analysis of Pulsar NF identifies: ""Under what kernel event conditions does this NF trigger/fail to trigger the security policy?""",PARTIAL,Embedded Linux resource constraints — eBPF NF efficiency critical for battery-powered and RAM-constrained IoT devices,3,Tier 2 — Strong,"Pulsar GitHub (Exein-io/pulsar); eBPF.io applications listing; Exein.io blog"
ClickHouse,Analytical Database (Cloud),Netherlands / USA,Cilium CNI for AWS Kubernetes. CiliumNetworkPolicy; Hubble; ClusterMesh.,"Cilium; Hubble; ClusterMesh; CiliumNetworkPolicy","Cloud-native OLAP database using Cilium for multi-tenant customer cluster isolation; ClusterMesh for cross-cluster data access; Hubble for observability",YES,Multi-tenant analytical database — data isolation conformance: verify Cilium NF prevents cross-customer data access,YES,Cross-cluster ClusterMesh debugging — NF behavioral analysis for network connectivity between customer clusters,PARTIAL,High-throughput analytical query network performance,2,Tier 3 — Moderate,Cilium USERS.md (ClickHouse entry)
Confluent,Data Streaming Platform (Apache Kafka),USA,Cilium CNI; CiliumNetworkPolicy for Kafka cloud infrastructure.,"Cilium; CiliumNetworkPolicy","Confluent Cloud: managed Kafka data streaming for enterprise customers; Cilium NFs enforce network isolation of customer Kafka topics and clusters; multi-tenant data streaming",YES,Multi-tenant data streaming isolation — verify Cilium NF prevents cross-customer Kafka topic access,YES,Debugging Kafka cluster network policy connectivity issues,PARTIAL,High-throughput data streaming — NF performance matters for message delivery latency,2,Tier 3 — Moderate,Cilium USERS.md (Confluent entry)
GitLab,DevOps Platform,USA (Netherlands HQ),Cilium for network policies in Auto DevOps deployed Kubernetes clusters for GitLab.com customers.,"Cilium; CiliumNetworkPolicy","GitLab uses Cilium to implement network policies in customer-facing Auto DevOps deployments; developers get automated CI/CD pipelines with eBPF-enforced network policies",YES,Verify Cilium NF correctly implements GitLab Auto DevOps network policies — security conformance for developer-facing cloud platform,YES,Auto DevOps pipeline network debugging — behavioral analysis of why network policies block CI/CD pipeline components,PARTIAL,GitLab CI/CD network performance for developer workflows,2,Tier 3 — Moderate,"Cilium USERS.md (GitLab entry); GitLab docs on Cilium"
Kakao,Korean Internet / Social Platform,South Korea,"Cilium as CNI for private cloud managed Kubernetes. EXPLICITLY lists ""Custom eBPF programs"" — unusual among Cilium users.","Cilium; Custom eBPF programs (explicitly documented)","Korean internet company (KakaoTalk etc.) running private cloud Kubernetes with Cilium; custom eBPF programs suggest Kakao extends beyond standard Cilium NFs with their own bytecode",YES — Strong,Custom eBPF programs make Yaksha Prashna directly applicable: Kakao writes eBPF NF bytecode. Verify their custom programs meet security specifications.,YES — Strong,"Custom NF debugging is HARDER than standard Cilium debugging — no documentation, no source code guarantee. Yaksha Prashna behavioral analysis is exactly what's needed.",YES — Strong,"Custom eBPF programs may have performance regressions not present in well-tested Cilium. Behavioral analysis identifies optimization opportunities in Kakao's custom NFs",3,Tier 2 — Strong,"Cilium USERS.md (Kakao entry — explicitly lists Custom eBPF programs); KubeCon presentation"
CoreWeave,AI Hyperscaler (GPU Cloud),USA,Cilium as default CNI for CoreWeave Kubernetes Service. AI/ML infrastructure requiring high-bandwidth networking.,"Cilium; high-performance networking NFs","GPU cloud for AI model training and inference; Cilium eBPF-based networking for high-bandwidth inter-GPU communication; AI workload isolation",YES,AI training workload isolation — data and model protection via Cilium NF conformance,PARTIAL,AI training cluster network debugging,YES — Critical,"AI/ML requires extreme network throughput (RDMA-over-Ethernet, high-bandwidth GPU interconnect). Cilium NF efficiency is critical for AI training throughput.",2,Tier 3 — Moderate,"Cilium USERS.md (CoreWeave entry); CoreWeave website"
Deezer,Music Streaming,France,Cilium as CNI for all on-prem Kubernetes clusters (performance + security focus). Plans for BGP-based routing NFs.,"Cilium; kube-proxy replacement NF; CiliumNetworkPolicy","French music streaming service running on-premise Kubernetes with Cilium; chose Cilium specifically for performance and security; planning eBPF-based BGP routing NFs",PARTIAL,Music streaming content CDN isolation,PARTIAL,Network connectivity debugging for streaming microservices,YES,Streaming latency requirements — Cilium NF performance directly impacts audio streaming quality,2,Tier 3 — Moderate,Cilium USERS.md (Deezer entry)
Celonis,Process Mining / Enterprise SaaS,Germany (Global),"Cilium as primary CNI across entire GLOBAL cluster fleet. Transparent Encryption NF; Hubble; CiliumNetworkPolicies across all environments (AWS, GCP, OCI).","Cilium; Transparent Encryption NF (WireGuard); Hubble; CiliumNetworkPolicy","Standardized on Cilium globally; transparent encryption NF encrypts all inter-pod traffic across AWS/GCP/OCI; Hubble for visibility; CiliumNetworkPolicies for isolation",YES,"Enterprise data: process mining analyzes customer business processes. Transparent encryption NF conformance: verify ALL inter-pod traffic is encrypted — ""Does this WireGuard NF encrypt every connection?""",YES,Global cross-cloud NF debugging — Hubble + behavioral analysis for policy anomalies,YES,Global multi-cloud consistent NF performance across AWS/GCP/OCI,2,Tier 3 — Moderate,Cilium USERS.md (Celonis entry)
Daimler Truck AG,Commercial Vehicles / Manufacturing,Germany,Cilium as default CNI for AKS (Azure BYOCNI) shared Kubernetes clusters for DevOps teams. Network policy; Hubble monitoring.,"Cilium (Azure BYOCNI); CiliumNetworkPolicy; Hubble","Industrial manufacturing cloud — shared Kubernetes cluster across multiple DevOps teams; Cilium enforces network isolation between teams; Hubble for monitoring",YES,ISO 27001 compliance for industrial manufacturing — verify Cilium NF correctly isolates team workloads in shared cluster,YES,Cross-team shared cluster network debugging — behavioral analysis of why one team's workload is blocked from another,PARTIAL,Manufacturing cloud SLAs — consistent NF execution,2,Tier 3 — Moderate,Cilium USERS.md (Daimler Truck AG entry)
New Relic,Observability SaaS,USA,eBPF-based zero-instrumentation APM agents for application performance monitoring. Network tracing NFs.,"Custom eBPF APM agents; network tracing NFs","Zero-instrumentation observability: eBPF NFs capture application traces without code changes; network tracing NFs observe all HTTP/gRPC flows between services",YES,APM capture NF must capture events as specified by New Relic's data model — conformance of monitoring NF,YES,When APM traces are missing or incorrect — behavioral analysis of the eBPF capture NF identifies the gap condition,YES,APM agent overhead is a commercial sensitivity — NF efficiency directly impacts adoption and pricing,2,Tier 3 — Moderate,New Relic engineering blog on eBPF
Akamai Technologies,CDN / Security,USA,"eBPF-based edge network observability and DDoS mitigation at PoPs (points of presence), similar XDP-based architecture to Cloudflare","Custom XDP eBPF programs; edge NFs","CDN edge nodes use eBPF for high-performance packet processing, DDoS mitigation and content delivery optimization at hundreds of PoPs globally",YES,Edge DDoS rule conformance — verify XDP NF correctly implements mitigation rules at each PoP,YES,Edge NF behavioral debugging for routing anomalies,YES — Strong,Edge CDN performance is core business — eBPF NF efficiency at line-rate matters,3,Tier 2 — Strong,Public Akamai engineering content; CDN industry eBPF adoption patterns
Apple,Consumer Technology / OS,USA,"Internal infrastructure eBPF-based observability NFs; macOS Network Extension framework (eBPF-adjacent); internal server-side eBPF on Linux servers","Custom eBPF; Network Extension (macOS); internal tooling","Apple uses eBPF on internal Linux server infrastructure for observability; macOS Network Extension provides analogous capabilities for app-layer network filtering",PARTIAL,Internal infrastructure security conformance,PARTIAL,Internal debugging of server-side NF behavior,PARTIAL,Internal infrastructure performance optimization,2,Tier 3 — Moderate,eBPF.io user list; public Apple engineering content
